Workbook

Sheet  Sales analysis
A1: Order_ID | B1: Order_Date | C1: Customer | D1: Product | E1: Category | F1: Region | G1: Quantity | H1: Sales | I1: Discount | J1: Profit | K1: clean category
A2: 10001 | B2: 45802 | C2: Ananya | D2: Desk | E2: Furniture | F2: South | G2: 3 | H2: 11474.08 | I2: 0.25 | J2: 1208.74 | K2: Furniture
A3: 10002 | B3: 45858 | C3: Priya | D3: Monitor | E3: Technology | F3: North | G3: 7 | H3: 1084.2 | I3: 0.2 | J3: 2189.43 | K3: Technology
A4: 10003 | B4: 45869 | C4: Sneha | D4: Headphones | E4: Technology | F4: North | G4: 3 | H4: 47503.67 | I4: 0.25 | J4: 9580.29 | K4: Technology
A5: 10004 | B5: 45877 | C5: Rahul | D5: Desk | E5: Furniture | F5: North | G5: 3 | H5: 33851.67 | I5: 0.2 | J5: 8146.67 | K5: Furniture
A6: 10005 | B6: 45897 | C6: Priya | D6: Keyboard | E6: Technology | F6: South | G6: 2 | H6: 10503.48 | I6: 0 | J6: 6585.8 | K6: Technology
A7: 10006 | B7: 45703 | C7: Priya | D7: Chair | E7: Furniture | F7: West | G7: 6 | H7: 71866.09 | I7: 0.15 | J7: 5727.32 | K7: Furniture
A8: 10007 | B8: 45692 | C8: Ananya | D8: Headphones | E8: Technology | F8: North | G8: 6 | H8: 39959.65 | I8: 0.25 | J8: 11073.09 | K8: Technology
A9: 10008 | B9: 45910 | C9: Sneha | D9: Headphones | E9: Technology | F9: South | G9: 6 | H9: 18521.05 | I9: 0.2 | J9: 919.18 | K9: Technology
A10: 10009 | B10: 45739 | C10: Rohan | D10: Desk | E10: Furniture | F10: West | G10: 4 | H10: 37794.97 | I10: 0.05 | J10: 3403.18 | K10: Furniture
A11: 10010 | B11: 45913 | C11: Vikram | D11: Mouse | E11: Technology | F11: North | G11: 5 | H11: 51131.71 | I11: 0.05 | J11: 4231.76 | K11: Technology
A12: 10011 | B12: 45854 | C12: Neha | D12: Keyboard | E12: Technology | F12: East | G12: 6 | H12: 6179.82 | I12: 0.25 | J12: 9399.99 | K12: Technology
A13: 10012 | B13: 45960 | C13: Neha | D13: Desk | E13: Furniture | F13: West | G13: 3 | H13: 20965.43 | I13: 0.15 | J13: 11910.55 | K13: Furniture
... A146: 10145 | B146: 45679 | C146: Vikram | D146: Chair | E146: Furniture | F146: South | G146: 2 | H146: 39427.01 | I146: 0.15 | J146: 8114.97 | K146: Furniture
A147: 10146 | B147: 45983 | C147: Priya | D147: Desk | E147: Furniture | F147: West | G147: 3 | I147: 0.1 | J147: 2906.84 | K147: Furniture
A148: 10147 | B148: 45658 | C148: Ananya | D148: Keyboard | E148: Technology | F148: West | G148: 7 | H148: 72994.32 | I148: 0.05 | J148: 9108.58 | K148: Technology
A149: 10148 | B149: 45790 | C149: Sneha | D149: Keyboard | E149: Technology | F149: West | G149: 1 | H149: 17346.34 | I149: 0.15 | J149: 9132.07 | K149: Technology
A150: 10149 | B150: 45890 | C150: Priya | D150: Laptop | E150: Technology | F150: South | G150: 1 | H150: 23162.8 | I150: 0.2 | J150: 3785.55 | K150: Technology
A151: 10150 | B151: 45669 | C151: Ananya | D151: Chair | E151: Furniture | F151: West | G151: 7 | H151: 23143.72 | I151: 0.2 | J151: 4957.66 | K151: Furniture
A152: 10151 | B152: 46003 | C152: Rohan | D152: Keyboard | E152: Technology | F152: East | G152: 6 | H152: 17666.04 | I152: 0 | J152: 2555.8 | K152: Technology
A153: 10152 | B153: 45703 | C153: Rohan | D153: Keyboard | E153: Technology | F153: North | G153: 6 | H153: 609.8 | I153: 0.1 | J153: 11719.9 | K153: Technology
A154: 10153 | B154: 45691 | C154: Ananya | D154: Laptop | E154: Technology | F154: North | G154: 6 | H154: 54836.19 | I154: 0.05 | J154: 7764.95 | K154: Technology
A155: 10154 | B155: 45735 | C155: Sneha | D155: Keyboard | E155: Technology | F155: West | G155: 1 | H155: 72529.99 | I155: 0 | J155: 11217.8 | K155: Technology
A156: 10155 | B156: 45875 | C156: Rahul | D156: Headphones | E156: Technology | F156: North | G156: 2 | H156: 17209.86 | I156: 0.1 | J156: 3675.46 | K156: Technology
A157: 10156 | B157: 45958 | C157: Vikram | D157: Mouse | E157: Technology | F157: South | G157: 1 | H157: 49897.02 | I157: 0.15 | J157: 9393.6 | K157: Technology
A158: 10157 | B158: 45730 | C158: Aarav | D158: Desk | E158: Furniture | F158: South | G158: 5 | H158: 55771.28 | I158: 0.2 | J158: 9202.01 | K158: Furniture
A159: 10158 | B159: 45939 | C159: Aarav | D159: Mouse | E159: Technology | F159: North | G159: 4 | H159: 63707.69 | I159: 0.25 | J159: 8315.29 | K159: Technology
... A212: 10211 | B212: 45783 | C212: Sneha | D212: Desk | E212: Furniture | F212: East | G212: 3 | H212: 28848.57 | I212: 0 | J212: 7964.65 | K212: Furniture
A213: 10212 | B213: 45957 | C213: Rahul | D213: Desk | E213: Furniture | F213: West | G213: 6 | H213: 12646.13 | I213: 0.2 | K213: Furniture
A214: 10213 | B214: 45682 | C214: Vikram | D214: Headphones | E214: Technology | F214: East | G214: 3 | H214: 59072.32 | I214: 0.05 | J214: 9752.76 | K214: Technology
A215: 10214 | B215: 45802 | C215: Rahul | D215: Desk | E215: Furniture | F215: West | G215: 3 | H215: 55216.07 | I215: 0.15 | J215: 11351.71 | K215: Furniture
A216: 10215 | B216: 45670 | C216: Rahul | D216: Keyboard | E216: Technology | F216: North | G216: 5 | H216: 29134.45 | I216: 0.25 | J216: 3789.39 | K216: Technology
A217: 10216 | B217: 45869 | C217: Ananya | D217: Headphones | E217: Technology | F217: North | G217: 7 | H217: 2376.91 | I217: 0.1 | J217: 10309.15 | K217: Technology
A218: 10217 | B218: 45682 | C218: Aarav | D218: Monitor | E218: Technology | F218: West | G218: 6 | H218: 63005.3 | I218: 0.1 | J218: 1623.66 | K218: Technology
A219: 10218 | B219: 45725 | C219: Ananya | D219: Headphones | E219: Technology | F219: North | G219: 5 | H219: 1350.64 | I219: 0.05 | J219: 8475.24 | K219: Technology
A220: 10219 | B220: 45724 | C220: Aarav | D220: Chair | E220: Furniture | F220: West | G220: 1 | H220: 52925.63 | I220: 0.1 | J220: 8916.63 | K220: Furniture
A221: 10220 | B221: 45890 | C221: Rohan | D221: Desk | E221: Furniture | F221: South | G221: 4 | H221: 72784.15 | I221: 0.1 | J221: 8148.79 | K221: Furniture
A222: 10221 | B222: 45766 | C222: Rohan | D222: Keyboard | E222: Technology | F222: East | G222: 3 | H222: 33105.77 | I222: 0 | J222: 3065.16 | K222: Technology
A223: 10222 | B223: 45803 | C223: Sneha | D223: Keyboard | E223: Technology | F223: South | G223: 4 | H223: 18005.52 | I223: 0.15 | J223: 10482.87 | K223: Technology
A224: 10223 | B224: 45768 | C224: Aarav | D224: Printer | E224: Technology | F224: West | G224: 5 | H224: 53012.89 | I224: 0.15 | J224: 2067.86 | K224: Technology
A225: 10224 | B225: 45885 | C225: Priya | D225: Monitor | E225: Technology | F225: East | G225: 5 | H225: 61376.05 | I225: 0 | J225: 690.94 | K225: Technology
... A401: 10400 | B401: 45873 | C401: Ananya | D401: Laptop | E401: Technology | F401: South | G401: 3 | H401: 22282.54 | I401: 0.05 | J401: 8310.4 | K401: Technology
A402: 10401 | B402: 45841 | C402: Sneha | D402: Chair | E402: Furniture | F402: South | H402: 33572 | I402: 0.2 | J402: 2052.42 | K402: Furniture
A403: 10402 | B403: 45672 | C403: Priya | D403: Monitor | E403: Technology | F403: East | G403: 2 | H403: 2132.54 | J403: 3758.19 | K403: Technology
A404: 10403 | B404: 45814 | C404: Vikram | D404: Keyboard | E404: Technology | F404: North | G404: 3 | H404: 22927.93 | I404: 0 | J404: -500 | K404: Technology
A405: 10404 | B405: 45793 | C405: Priya | D405: Laptop | E405: Technology | F405: South | G405: 2 | H405: 37946.03 | I405: 0.05 | J405: 9567.46 | K405: Technology
A406: 10405 | B406: 45918 | C406: Neha | D406: Chair | E406: Furniture | F406: North | G406: 6 | H406: 4685.12 | I406: 0.15 | J406: 8886.66 | K406: Furniture
A407: 10406 | B407: 45814 | C407: Ananya | D407: Monitor | E407: Technology | F407: West | G407: 3 | H407: 37086.63 | I407: 0.1 | J407: 7764.14 | K407: Technology
A408: 10407 | B408: 45704 | C408: Aarav | D408: Printer | E408: Technology | F408: South | G408: 5 | H408: 69569.74 | I408: 0.05 | J408: 1911.49 | K408: Technology
A409: 10408 | B409: 45981 | C409: Aarav | D409: Chair | E409: Furniture | F409: East | G409: 7 | H409: 8351.79 | I409: 0.25 | J409: 6587.19 | K409: Furniture
A410: 10409 | B410: 45989 | C410: Vikram | D410: Monitor | E410: Technology | F410: East | G410: 5 | H410: 57450.83 | I410: 0.1 | J410: 1094.99 | K410: Technology
A411: 10410 | B411: 45830 | C411: Neha | D411: Printer | E411: Technology | F411: East | G411: 6 | H411: 31020.49 | I411: 0 | J411: 4559.49 | K411: Technology
A412: 10411 | B412: 45787 | C412: Sneha | D412: Keyboard | E412: Technology | F412: South | G412: 2 | H412: 49310.44 | I412: 0.2 | J412: 4991.52 | K412: Technology
A413: 10412 | B413: 45752 | C413: Rahul | D413: Chair | E413: Furniture | F413: North | G413: 5 | H413: 19887.63 | I413: 0.2 | J413: 525.75 | K413: Furniture
A414: 10413 | B414: 45772 | C414: Neha | D414: Printer | E414: Technology | F414: West | G414: 2 | H414: 12382.17 | I414: 0.1 | J414: 3324.16 | K414: Technology
A415: 10414 | B415: 45900 | C415: Aarav | D415: Laptop | E415: Technology | F415: North | G415: 5 | H415: 12454.46 | I415: 0.2 | J415: 11470.01 | K415: Technology
... A502: 10501 | B502: 45994 | C502: Vikram | D502: Desk | E502: Furniture | F502: South | G502: 6 | H502: 15721.57 | I502: 0.15 | J502: 2762.39 | K502: Furniture
A503: 10502 | B503: 45741 | C503: Sneha | D503: Headphones | E503: Technology | F503: South | G503: 5 | I503: 0.05 | J503: 8939.67 | K503: Technology
A504: 10503 | B504: 46018 | C504: Ananya | D504: Headphones | E504: Technology | F504: North | G504: 7 | H504: 31735.74 | I504: 0 | J504: 11034.54 | K504: Technology
A505: 10504 | B505: 45834 | C505: Vikram | D505: Chair | E505: Furniture | F505: East | G505: 4 | H505: 1850.24 | I505: 0.1 | J505: 5114.05 | K505: Furniture
A506: 10505 | B506: 45805 | C506: Rohan | D506: Desk | E506: Furniture | F506: West | G506: 6 | H506: 59560.48 | I506: 0.15 | J506: 4138.48 | K506: Furniture
A507: 10506 | B507: 45775 | C507: Ananya | D507: Laptop | E507: Technology | F507: West | G507: 5 | H507: 5643.92 | I507: 0.15 | J507: 11540.53 | K507: Technology
A508: 10507 | B508: 45999 | C508: Rohan | D508: Chair | E508: Furniture | F508: East | G508: 6 | H508: 35832 | I508: 0.25 | J508: 5365.99 | K508: Furniture
A509: 10508 | B509: 45720 | C509: Priya | D509: Keyboard | E509: Technology | F509: West | G509: 3 | H509: 42270.53 | I509: 0.1 | J509: 5894.13 | K509: Technology
A510: 10509 | B510: 45846 | C510: Aarav | D510: Chair | E510: Furniture | F510: North | G510: 7 | H510: 47317.77 | I510: 0.05 | J510: 4252.22 | K510: Furniture
A511: 10510 | B511: 46017 | C511: Rohan | D511: Mouse | E511: Technology | F511: West | G511: 4 | H511: 51803.06 | I511: 0 | J511: 10919.1 | K511: Technology
A512: 10511 | B512: 45706 | C512: Rohan | D512: Laptop | E512: Technology | F512: South | G512: 5 | H512: 19368.79 | I512: 0.25 | J512: 6849.02 | K512: Technology
A513: 10512 | B513: 45984 | C513: Priya | D513: Mouse | E513: Technology | F513: East | G513: 1 | H513: 1243.42 | I513: 0.05 | J513: 9157.99 | K513: Technology
A514: 10513 | B514: 45914 | C514: Rahul | D514: Desk | E514: Furniture | F514: North | G514: 4 | H514: 54396.55 | I514: 0.2 | J514: 9751.09 | K514: Furniture
A515: 10514 | B515: 45881 | C515: Priya | D515: Printer | E515: Technology | F515: East | G515: 1 | H515: 40406.42 | I515: 0.15 | J515: 4135.1 | K515: Technology
... A678: 10677 | B678: 45953 | C678: Priya | D678: Monitor | E678: Technology | F678: North | G678: 5 | H678: 17551.22 | I678: 0.1 | J678: 4022.5 | K678: Technology
A679: 10678 | B679: 45668 | C679: Neha | D679: Chair | E679: Furniture | F679: West | G679: 5 | H679: 44965.46 | I679: 0.1 | K679: Furniture
A680: 10679 | B680: 45821 | C680: Ananya | D680: Mouse | E680: Technology | F680: North | G680: 3 | H680: 69649.57 | I680: 0.25 | J680: 1324.15 | K680: Technology
A681: 10680 | B681: 45770 | C681: Priya | D681: Mouse | E681: Technology | F681: East | G681: 5 | H681: 69720.89 | I681: 0.25 | J681: 4433.24 | K681: Technology
A682: 10681 | B682: 45844 | C682: Priya | D682: Chair | E682: Furniture | F682: East | G682: 3 | H682: 25971.94 | I682: 0.15 | J682: 1238.96 | K682: Furniture
A683: 10682 | B683: 45952 | C683: Aarav | D683: Headphones | E683: Technology | F683: North | G683: 1 | H683: 39811.97 | I683: 0.25 | J683: 9210.82 | K683: Technology
A684: 10683 | B684: 45889 | C684: Vikram | D684: Desk | E684: Furniture | F684: North | G684: 1 | H684: 16266.87 | I684: 0 | J684: 11596.98 | K684: Furniture
A685: 10684 | B685: 45884 | C685: Neha | D685: Monitor | E685: Technology | F685: West | G685: 6 | H685: 74674.52 | I685: 0.05 | J685: 11642.39 | K685: Technology
A686: 10685 | B686: 45967 | C686: Priya | D686: Laptop | E686: Technology | F686: West | G686: 7 | H686: 73593.28 | I686: 0.15 | J686: 10387.6 | K686: Technology
A687: 10686 | B687: 45755 | C687: Aarav | D687: Printer | E687: Technology | F687: North | G687: 1 | H687: 48888.42 | I687: 0 | J687: 7229.47 | K687: Technology
A688: 10687 | B688: 45712 | C688: Ananya | D688: Printer | E688: Technology | F688: North | G688: 7 | H688: 60428.85 | I688: 0.1 | J688: 8425.35 | K688: Technology
A689: 10688 | B689: 45768 | C689: Rahul | D689: Headphones | E689: Technology | F689: North | G689: 7 | H689: 53774.96 | I689: 0.1 | J689: 3458.21 | K689: Technology
A690: 10689 | B690: 45809 | C690: Rohan | D690: Desk | E690: Furniture | F690: North | G690: 6 | H690: 44690.29 | I690: 0.15 | J690: 7587.71 | K690: Furniture
A691: 10690 | B691: 45903 | C691: Rohan | D691: Mouse | E691: Technology | F691: South | G691: 2 | H691: 4474.43 | I691: 0.25 | J691: 5495.01 | K691: Technology
... A1001: 11000 | B1001: 45850 | C1001: Aarav | D1001: Keyboard | E1001: Technology | F1001: East | G1001: 2 | H1001: 62405.71 | I1001: 0.2 | J1001: 11800.92 | K1001: Technology

Sheet  Pivot analysis
A1: Sales analysis
D2: Count of Order_ID | G2: Sum of Quantity | I2: Average Order Value
A3: Sum of Sales | D3: 1000 | G3: 3979 | I3: =A4/D3 -> 37613.933
A4: 37613933
A8: Row Labels | B8: Sum of Sales | D8: Row Labels | E8: Sum of Sales | G8: Row Labels | H8: Sum of Sales
A9: Furniture | B9: 9579344.6 | D9: East | E9: 8744277.3 | G9: Jan | H9: 3511075.3
A10: Technology | B10: 28034588 | D10: North | E10: 9169887.8 | G10: Feb | H10: 2986620.1
A11: Grand Total | B11: 37613933 | D11: South | E11: 9321539.8 | G11: Mar | H11: 3321371.3
D12: West | E12: 10378228 | G12: Apr | H12: 3311249.4
D13: Grand Total | E13: 37613933 | G13: May | H13: 3168773.9
G14: Jun | H14: 2952237
G15: Jul | H15: 2548735.3
G16: Aug | H16: 3665492.1
G17: Sep | H17: 2742406
G18: Oct | H18: 3161107.8
G19: Nov | H19: 3077908.8
G20: Dec | H20: 3166955.6
G21: Grand Total | H21: 37613933
A23: Profit analysis
A25: Row Labels | B25: Sum of Sales | D25: Row Labels | E25: Sum of Profit
A26: Aarav | B26: 4288975.7 | D26: Furniture | E26: 1457772.1
A27: Ananya | B27: 5489480.8 | D27: Technology | E27: 4556311.4
A28: Neha | B28: 5386624.2 | D28: Grand Total | E28: 6014083.4
A29: Priya | B29: 5382946.6
A30: Rahul | B30: 3886212
A31: Rohan | B31: 4478718.6
A32: Sneha | B32: 4179045.8
A33: Unknown | B33: 100500.7
A34: Vikram | B34: 4421428.4
A35: Grand Total | B35: 37613933
A45: Sum of Profit
A46: 6002282.5

Sheet Interactive Dashboard
A1: SALES ANALYTICS DASHBOARD
A4: CATEGORY | C4: All | F4: REGION | H4: All | K4: CUSTOMER | M4: All
A6: TOTAL SALES | E6: TOTAL ORDERS | I6: TOTAL QUANTITY | M6: AVERAGE ORDER VALUE
A7: =SUMIFS(' Sales analysis'!$H$2:$H$1001,' Sales analysis'!$E$2:$E$1001,IF($C$4="All","<>",$C$4),' Sales analysis'!$F$2:$F$1001,IF($H$4="All","<>",$H$4),' Sales analysis'!$C$2:$C$1001,IF($M$4="All","<>",$M$4)) -> 37613933 | E7: =COUNTIFS(' Sales analysis'!$E$2:$E$1001,IF($C$4="All","<>",$C$4),' Sales analysis'!$F$2:$F$1001,IF($H$4="All","<>",$H$4),' Sales analysis'!$C$2:$C$1001,IF($M$4="All","<>",$M$4)) -> 1000 | I7: =SUMIFS(' Sales analysis'!$G$2:$G$1001,' Sales analysis'!$E$2:$E$1001,IF($C$4="All","<>",$C$4),' Sales analysis'!$F$2:$F$1001,IF($H$4="All","<>",$H$4),' Sales analysis'!$C$2:$C$1001,IF($M$4="All","<>",$M$4)) -> 3979 | M7: =IFERROR(A7/E7,0) -> 37613.933
A40: Use the filters above to interactively analyze sales performance.

Sheet _Dashboard_Helper
A1: Category | B1: Region | C1: Customer | E1: Month | F1: Sales | I1: Category | J1: Sales | L1: Region | M1: Sales | O1: Customer | P1: Sales | R1: Top Customer | S1: Sales
A2: All | B2: All | C2: All | E2: Jan | F2: =SUMIFS(' Sales analysis'!$H$2:$H$1001,' Sales analysis'!$E$2:$E$1001,IF('Interactive Dashboard'!$C$4="All","<>",'Interactive Dashboard'!$C$4),' Sales analysis'!$F$2:$F$1001,IF('Interactive Dashboard'!$H$4="All","<>",'Interactive Dashboard'!$H$4),' Sales analysis'!$C$2:$C$1001,IF('Interactive Dashboard'!$M$4="All","<>",'Interactive Dashboard'!$M$4),' Sales analysis'!$B$2:$B$1001,">="&DATE(2025,1,1),' Sales analysis'!$B$2:$B$1001,"<"&EDATE(DATE(2025,1,1),1)) -> 3511075.3 | I2: Furniture | J2: =SUMIFS(' Sales analysis'!$H$2:$H$1001,' Sales analysis'!$E$2:$E$1001,I2,' Sales analysis'!$E$2:$E$1001,IF('Interactive Dashboard'!$C$4="All","<>",'Interactive Dashboard'!$C$4),' Sales analysis'!$F$2:$F$1001,IF('Interactive Dashboard'!$H$4="All","<>",'Interactive Dashboard'!$H$4),' Sales analysis'!$C$2:$C$1001,IF('Interactive Dashboard'!$M$4="All","<>",'Interactive Dashboard'!$M$4)) -> 9579344.6 | L2: East | M2: =SUMIFS(' Sales analysis'!$H$2:$H$1001,' Sales analysis'!$F$2:$F$1001,L2,' Sales analysis'!$E$2:$E$1001,IF('Interactive Dashboard'!$C$4="All","<>",'Interactive Dashboard'!$C$4),' Sales analysis'!$F$2:$F$1001,IF('Interactive Dashboard'!$H$4="All","<>",'Interactive Dashboard'!$H$4),' Sales analysis'!$C$2:$C$1001,IF('Interactive Dashboard'!$M$4="All","<>",'Interactive Dashboard'!$M$4)) -> 8744277.3 | O2: Ananya | P2: =SUMIFS(' Sales analysis'!$H$2:$H$1001,' Sales analysis'!$C$2:$C$1001,O2,' Sales analysis'!$E$2:$E$1001,IF('Interactive Dashboard'!$C$4="All","<>",'Interactive Dashboard'!$C$4),' Sales analysis'!$F$2:$F$1001,IF('Interactive Dashboard'!$H$4="All","<>",'Interactive Dashboard'!$H$4),' Sales analysis'!$C$2:$C$1001,IF('Interactive Dashboard'!$M$4="All","<>",'Interactive Dashboard'!$M$4)) -> 5489480.8 | R2: =IFERROR(INDEX($O$2:$O$10,MATCH(S2,$P$2:$P$10,0)),"") -> Ananya | S2: =IFERROR(LARGE($P$2:$P$10,1),0) -> 5489480.8
A3: Furniture | B3: East | C3: Ananya | E3: Feb | F3: =SUMIFS(' Sales analysis'!$H$2:$H$1001,' Sales analysis'!$E$2:$E$1001,IF('Interactive Dashboard'!$C$4="All","<>",'Interactive Dashboard'!$C$4),' Sales analysis'!$F$2:$F$1001,IF('Interactive Dashboard'!$H$4="All","<>",'Interactive Dashboard'!$H$4),' Sales analysis'!$C$2:$C$1001,IF('Interactive Dashboard'!$M$4="All","<>",'Interactive Dashboard'!$M$4),' Sales analysis'!$B$2:$B$1001,">="&DATE(2025,2,1),' Sales analysis'!$B$2:$B$1001,"<"&EDATE(DATE(2025,2,1),1)) -> 2986620.1 | I3: Technology | J3: =SUMIFS(' Sales analysis'!$H$2:$H$1001,' Sales analysis'!$E$2:$E$1001,I3,' Sales analysis'!$E$2:$E$1001,IF('Interactive Dashboard'!$C$4="All","<>",'Interactive Dashboard'!$C$4),' Sales analysis'!$F$2:$F$1001,IF('Interactive Dashboard'!$H$4="All","<>",'Interactive Dashboard'!$H$4),' Sales analysis'!$C$2:$C$1001,IF('Interactive Dashboard'!$M$4="All","<>",'Interactive Dashboard'!$M$4)) -> 28034588 | L3: North | M3: =SUMIFS(' Sales analysis'!$H$2:$H$1001,' Sales analysis'!$F$2:$F$1001,L3,' Sales analysis'!$E$2:$E$1001,IF('Interactive Dashboard'!$C$4="All","<>",'Interactive Dashboard'!$C$4),' Sales analysis'!$F$2:$F$1001,IF('Interactive Dashboard'!$H$4="All","<>",'Interactive Dashboard'!$H$4),' Sales analysis'!$C$2:$C$1001,IF('Interactive Dashboard'!$M$4="All","<>",'Interactive Dashboard'!$M$4)) -> 9169887.8 | O3: Priya | P3: =SUMIFS(' Sales analysis'!$H$2:$H$1001,' Sales analysis'!$C$2:$C$1001,O3,' Sales analysis'!$E$2:$E$1001,IF('Interactive Dashboard'!$C$4="All","<>",'Interactive Dashboard'!$C$4),' Sales analysis'!$F$2:$F$1001,IF('Interactive Dashboard'!$H$4="All","<>",'Interactive Dashboard'!$H$4),' Sales analysis'!$C$2:$C$1001,IF('Interactive Dashboard'!$M$4="All","<>",'Interactive Dashboard'!$M$4)) -> 5382946.6 | R3: =IFERROR(INDEX($O$2:$O$10,MATCH(S3,$P$2:$P$10,0)),"") -> Neha | S3: =IFERROR(LARGE($P$2:$P$10,2),0) -> 5386624.2
A4: Technology | B4: North | C4: Priya | E4: Mar | F4: =SUMIFS(' Sales analysis'!$H$2:$H$1001,' Sales analysis'!$E$2:$E$1001,IF('Interactive Dashboard'!$C$4="All","<>",'Interactive Dashboard'!$C$4),' Sales analysis'!$F$2:$F$1001,IF('Interactive Dashboard'!$H$4="All","<>",'Interactive Dashboard'!$H$4),' Sales analysis'!$C$2:$C$1001,IF('Interactive Dashboard'!$M$4="All","<>",'Interactive Dashboard'!$M$4),' Sales analysis'!$B$2:$B$1001,">="&DATE(2025,3,1),' Sales analysis'!$B$2:$B$1001,"<"&EDATE(DATE(2025,3,1),1)) -> 3321371.3 | L4: South | M4: =SUMIFS(' Sales analysis'!$H$2:$H$1001,' Sales analysis'!$F$2:$F$1001,L4,' Sales analysis'!$E$2:$E$1001,IF('Interactive Dashboard'!$C$4="All","<>",'Interactive Dashboard'!$C$4),' Sales analysis'!$F$2:$F$1001,IF('Interactive Dashboard'!$H$4="All","<>",'Interactive Dashboard'!$H$4),' Sales analysis'!$C$2:$C$1001,IF('Interactive Dashboard'!$M$4="All","<>",'Interactive Dashboard'!$M$4)) -> 9321539.8 | O4: Sneha | P4: =SUMIFS(' Sales analysis'!$H$2:$H$1001,' Sales analysis'!$C$2:$C$1001,O4,' Sales analysis'!$E$2:$E$1001,IF('Interactive Dashboard'!$C$4="All","<>",'Interactive Dashboard'!$C$4),' Sales analysis'!$F$2:$F$1001,IF('Interactive Dashboard'!$H$4="All","<>",'Interactive Dashboard'!$H$4),' Sales analysis'!$C$2:$C$1001,IF('Interactive Dashboard'!$M$4="All","<>",'Interactive Dashboard'!$M$4)) -> 4179045.8 | R4: =IFERROR(INDEX($O$2:$O$10,MATCH(S4,$P$2:$P$10,0)),"") -> Priya | S4: =IFERROR(LARGE($P$2:$P$10,3),0) -> 5382946.6
B5: South | C5: Sneha | E5: Apr | F5: =SUMIFS(' Sales analysis'!$H$2:$H$1001,' Sales analysis'!$E$2:$E$1001,IF('Interactive Dashboard'!$C$4="All","<>",'Interactive Dashboard'!$C$4),' Sales analysis'!$F$2:$F$1001,IF('Interactive Dashboard'!$H$4="All","<>",'Interactive Dashboard'!$H$4),' Sales analysis'!$C$2:$C$1001,IF('Interactive Dashboard'!$M$4="All","<>",'Interactive Dashboard'!$M$4),' Sales analysis'!$B$2:$B$1001,">="&DATE(2025,4,1),' Sales analysis'!$B$2:$B$1001,"<"&EDATE(DATE(2025,4,1),1)) -> 3311249.4 | L5: West | M5: =SUMIFS(' Sales analysis'!$H$2:$H$1001,' Sales analysis'!$F$2:$F$1001,L5,' Sales analysis'!$E$2:$E$1001,IF('Interactive Dashboard'!$C$4="All","<>",'Interactive Dashboard'!$C$4),' Sales analysis'!$F$2:$F$1001,IF('Interactive Dashboard'!$H$4="All","<>",'Interactive Dashboard'!$H$4),' Sales analysis'!$C$2:$C$1001,IF('Interactive Dashboard'!$M$4="All","<>",'Interactive Dashboard'!$M$4)) -> 10378228 | O5: Rahul | P5: =SUMIFS(' Sales analysis'!$H$2:$H$1001,' Sales analysis'!$C$2:$C$1001,O5,' Sales analysis'!$E$2:$E$1001,IF('Interactive Dashboard'!$C$4="All","<>",'Interactive Dashboard'!$C$4),' Sales analysis'!$F$2:$F$1001,IF('Interactive Dashboard'!$H$4="All","<>",'Interactive Dashboard'!$H$4),' Sales analysis'!$C$2:$C$1001,IF('Interactive Dashboard'!$M$4="All","<>",'Interactive Dashboard'!$M$4)) -> 3886212 | R5: =IFERROR(INDEX($O$2:$O$10,MATCH(S5,$P$2:$P$10,0)),"") -> Rohan | S5: =IFERROR(LARGE($P$2:$P$10,4),0) -> 4478718.6
B6: West | C6: Rahul | E6: May | F6: =SUMIFS(' Sales analysis'!$H$2:$H$1001,' Sales analysis'!$E$2:$E$1001,IF('Interactive Dashboard'!$C$4="All","<>",'Interactive Dashboard'!$C$4),' Sales analysis'!$F$2:$F$1001,IF('Interactive Dashboard'!$H$4="All","<>",'Interactive Dashboard'!$H$4),' Sales analysis'!$C$2:$C$1001,IF('Interactive Dashboard'!$M$4="All","<>",'Interactive Dashboard'!$M$4),' Sales analysis'!$B$2:$B$1001,">="&DATE(2025,5,1),' Sales analysis'!$B$2:$B$1001,"<"&EDATE(DATE(2025,5,1),1)) -> 3168773.9 | O6: Rohan | P6: =SUMIFS(' Sales analysis'!$H$2:$H$1001,' Sales analysis'!$C$2:$C$1001,O6,' Sales analysis'!$E$2:$E$1001,IF('Interactive Dashboard'!$C$4="All","<>",'Interactive Dashboard'!$C$4),' Sales analysis'!$F$2:$F$1001,IF('Interactive Dashboard'!$H$4="All","<>",'Interactive Dashboard'!$H$4),' Sales analysis'!$C$2:$C$1001,IF('Interactive Dashboard'!$M$4="All","<>",'Interactive Dashboard'!$M$4)) -> 4478718.6 | R6: =IFERROR(INDEX($O$2:$O$10,MATCH(S6,$P$2:$P$10,0)),"") -> Vikram | S6: =IFERROR(LARGE($P$2:$P$10,5),0) -> 4421428.4
C7: Rohan | E7: Jun | F7: =SUMIFS(' Sales analysis'!$H$2:$H$1001,' Sales analysis'!$E$2:$E$1001,IF('Interactive Dashboard'!$C$4="All","<>",'Interactive Dashboard'!$C$4),' Sales analysis'!$F$2:$F$1001,IF('Interactive Dashboard'!$H$4="All","<>",'Interactive Dashboard'!$H$4),' Sales analysis'!$C$2:$C$1001,IF('Interactive Dashboard'!$M$4="All","<>",'Interactive Dashboard'!$M$4),' Sales analysis'!$B$2:$B$1001,">="&DATE(2025,6,1),' Sales analysis'!$B$2:$B$1001,"<"&EDATE(DATE(2025,6,1),1)) -> 2952237 | O7: Vikram | P7: =SUMIFS(' Sales analysis'!$H$2:$H$1001,' Sales analysis'!$C$2:$C$1001,O7,' Sales analysis'!$E$2:$E$1001,IF('Interactive Dashboard'!$C$4="All","<>",'Interactive Dashboard'!$C$4),' Sales analysis'!$F$2:$F$1001,IF('Interactive Dashboard'!$H$4="All","<>",'Interactive Dashboard'!$H$4),' Sales analysis'!$C$2:$C$1001,IF('Interactive Dashboard'!$M$4="All","<>",'Interactive Dashboard'!$M$4)) -> 4421428.4 | R7: =IFERROR(INDEX($O$2:$O$10,MATCH(S7,$P$2:$P$10,0)),"") -> Aarav | S7: =IFERROR(LARGE($P$2:$P$10,6),0) -> 4288975.7
C8: Vikram | E8: Jul | F8: =SUMIFS(' Sales analysis'!$H$2:$H$1001,' Sales analysis'!$E$2:$E$1001,IF('Interactive Dashboard'!$C$4="All","<>",'Interactive Dashboard'!$C$4),' Sales analysis'!$F$2:$F$1001,IF('Interactive Dashboard'!$H$4="All","<>",'Interactive Dashboard'!$H$4),' Sales analysis'!$C$2:$C$1001,IF('Interactive Dashboard'!$M$4="All","<>",'Interactive Dashboard'!$M$4),' Sales analysis'!$B$2:$B$1001,">="&DATE(2025,7,1),' Sales analysis'!$B$2:$B$1001,"<"&EDATE(DATE(2025,7,1),1)) -> 2548735.3 | O8: Neha | P8: =SUMIFS(' Sales analysis'!$H$2:$H$1001,' Sales analysis'!$C$2:$C$1001,O8,' Sales analysis'!$E$2:$E$1001,IF('Interactive Dashboard'!$C$4="All","<>",'Interactive Dashboard'!$C$4),' Sales analysis'!$F$2:$F$1001,IF('Interactive Dashboard'!$H$4="All","<>",'Interactive Dashboard'!$H$4),' Sales analysis'!$C$2:$C$1001,IF('Interactive Dashboard'!$M$4="All","<>",'Interactive Dashboard'!$M$4)) -> 5386624.2 | R8: =IFERROR(INDEX($O$2:$O$10,MATCH(S8,$P$2:$P$10,0)),"") -> Sneha | S8: =IFERROR(LARGE($P$2:$P$10,7),0) -> 4179045.8
C9: Neha | E9: Aug | F9: =SUMIFS(' Sales analysis'!$H$2:$H$1001,' Sales analysis'!$E$2:$E$1001,IF('Interactive Dashboard'!$C$4="All","<>",'Interactive Dashboard'!$C$4),' Sales analysis'!$F$2:$F$1001,IF('Interactive Dashboard'!$H$4="All","<>",'Interactive Dashboard'!$H$4),' Sales analysis'!$C$2:$C$1001,IF('Interactive Dashboard'!$M$4="All","<>",'Interactive Dashboard'!$M$4),' Sales analysis'!$B$2:$B$1001,">="&DATE(2025,8,1),' Sales analysis'!$B$2:$B$1001,"<"&EDATE(DATE(2025,8,1),1)) -> 3665492.1 | O9: Unknown | P9: =SUMIFS(' Sales analysis'!$H$2:$H$1001,' Sales analysis'!$C$2:$C$1001,O9,' Sales analysis'!$E$2:$E$1001,IF('Interactive Dashboard'!$C$4="All","<>",'Interactive Dashboard'!$C$4),' Sales analysis'!$F$2:$F$1001,IF('Interactive Dashboard'!$H$4="All","<>",'Interactive Dashboard'!$H$4),' Sales analysis'!$C$2:$C$1001,IF('Interactive Dashboard'!$M$4="All","<>",'Interactive Dashboard'!$M$4)) -> 100500.7 | R9: =IFERROR(INDEX($O$2:$O$10,MATCH(S9,$P$2:$P$10,0)),"") -> Rahul | S9: =IFERROR(LARGE($P$2:$P$10,8),0) -> 3886212
C10: Unknown | E10: Sep | F10: =SUMIFS(' Sales analysis'!$H$2:$H$1001,' Sales analysis'!$E$2:$E$1001,IF('Interactive Dashboard'!$C$4="All","<>",'Interactive Dashboard'!$C$4),' Sales analysis'!$F$2:$F$1001,IF('Interactive Dashboard'!$H$4="All","<>",'Interactive Dashboard'!$H$4),' Sales analysis'!$C$2:$C$1001,IF('Interactive Dashboard'!$M$4="All","<>",'Interactive Dashboard'!$M$4),' Sales analysis'!$B$2:$B$1001,">="&DATE(2025,9,1),' Sales analysis'!$B$2:$B$1001,"<"&EDATE(DATE(2025,9,1),1)) -> 2742406 | O10: Aarav | P10: =SUMIFS(' Sales analysis'!$H$2:$H$1001,' Sales analysis'!$C$2:$C$1001,O10,' Sales analysis'!$E$2:$E$1001,IF('Interactive Dashboard'!$C$4="All","<>",'Interactive Dashboard'!$C$4),' Sales analysis'!$F$2:$F$1001,IF('Interactive Dashboard'!$H$4="All","<>",'Interactive Dashboard'!$H$4),' Sales analysis'!$C$2:$C$1001,IF('Interactive Dashboard'!$M$4="All","<>",'Interactive Dashboard'!$M$4)) -> 4288975.7 | R10: =IFERROR(INDEX($O$2:$O$10,MATCH(S10,$P$2:$P$10,0)),"") -> Unknown | S10: =IFERROR(LARGE($P$2:$P$10,9),0) -> 100500.7
C11: Aarav | E11: Oct | F11: =SUMIFS(' Sales analysis'!$H$2:$H$1001,' Sales analysis'!$E$2:$E$1001,IF('Interactive Dashboard'!$C$4="All","<>",'Interactive Dashboard'!$C$4),' Sales analysis'!$F$2:$F$1001,IF('Interactive Dashboard'!$H$4="All","<>",'Interactive Dashboard'!$H$4),' Sales analysis'!$C$2:$C$1001,IF('Interactive Dashboard'!$M$4="All","<>",'Interactive Dashboard'!$M$4),' Sales analysis'!$B$2:$B$1001,">="&DATE(2025,10,1),' Sales analysis'!$B$2:$B$1001,"<"&EDATE(DATE(2025,10,1),1)) -> 3161107.8 | R11: =IFERROR(INDEX($O$2:$O$10,MATCH(S11,$P$2:$P$10,0)),"") | S11: =IFERROR(LARGE($P$2:$P$10,10),0) -> 0
E12: Nov | F12: =SUMIFS(' Sales analysis'!$H$2:$H$1001,' Sales analysis'!$E$2:$E$1001,IF('Interactive Dashboard'!$C$4="All","<>",'Interactive Dashboard'!$C$4),' Sales analysis'!$F$2:$F$1001,IF('Interactive Dashboard'!$H$4="All","<>",'Interactive Dashboard'!$H$4),' Sales analysis'!$C$2:$C$1001,IF('Interactive Dashboard'!$M$4="All","<>",'Interactive Dashboard'!$M$4),' Sales analysis'!$B$2:$B$1001,">="&DATE(2025,11,1),' Sales analysis'!$B$2:$B$1001,"<"&EDATE(DATE(2025,11,1),1)) -> 3077908.8
E13: Dec | F13: =SUMIFS(' Sales analysis'!$H$2:$H$1001,' Sales analysis'!$E$2:$E$1001,IF('Interactive Dashboard'!$C$4="All","<>",'Interactive Dashboard'!$C$4),' Sales analysis'!$F$2:$F$1001,IF('Interactive Dashboard'!$H$4="All","<>",'Interactive Dashboard'!$H$4),' Sales analysis'!$C$2:$C$1001,IF('Interactive Dashboard'!$M$4="All","<>",'Interactive Dashboard'!$M$4),' Sales analysis'!$B$2:$B$1001,">="&DATE(2025,12,1),' Sales analysis'!$B$2:$B$1001,"<"&EDATE(DATE(2025,12,1),1)) -> 3166955.6
